{"train_acc": [0.8177, 0.9203, 0.93955, 0.9465, 0.94795, 0.95205, 0.951, 0.9503, 0.9517, 0.95445], "train_loss": [0.650555498470926, 0.3890493863327488, 0.27532163537611626, 0.21061485683082776, 0.17674063245771796, 0.15051386908740755, 0.13548039910709783, 0.12607492480403298, 0.1151559906922708, 0.10733551757445761], "test_acc": [0.9652, 0.9852, 0.9902, 0.9912, 0.9972, 0.9966, 0.998, 0.9976, 0.999, 0.9982], "test_loss": [0.4228653386235237, 0.2431967929005623, 0.15991187654435635, 0.11503209806978702, 0.0817987353540957, 0.0630010618828237, 0.041720359493047, 0.03449629009701312, 0.03184393541887402, 0.030619912873953582]}